round,alpha,beta,give,keep,steal,p0,p1,p2,p3,p4,p5,p6,p7,p8,p9,p10,0-T-0,0-T-1,0-T-2,0-T-3,0-T-4,0-T-5,0-T-6,0-T-7,0-T-8,0-T-9,0-T-10,1-T-0,1-T-1,1-T-2,1-T-3,1-T-4,1-T-5,1-T-6,1-T-7,1-T-8,1-T-9,1-T-10,2-T-0,2-T-1,2-T-2,2-T-3,2-T-4,2-T-5,2-T-6,2-T-7,2-T-8,2-T-9,2-T-10,3-T-0,3-T-1,3-T-2,3-T-3,3-T-4,3-T-5,3-T-6,3-T-7,3-T-8,3-T-9,3-T-10,4-T-0,4-T-1,4-T-2,4-T-3,4-T-4,4-T-5,4-T-6,4-T-7,4-T-8,4-T-9,4-T-10,5-T-0,5-T-1,5-T-2,5-T-3,5-T-4,5-T-5,5-T-6,5-T-7,5-T-8,5-T-9,5-T-10,6-T-0,6-T-1,6-T-2,6-T-3,6-T-4,6-T-5,6-T-6,6-T-7,6-T-8,6-T-9,6-T-10,7-T-0,7-T-1,7-T-2,7-T-3,7-T-4,7-T-5,7-T-6,7-T-7,7-T-8,7-T-9,7-T-10,8-T-0,8-T-1,8-T-2,8-T-3,8-T-4,8-T-5,8-T-6,8-T-7,8-T-8,8-T-9,8-T-10,9-T-0,9-T-1,9-T-2,9-T-3,9-T-4,9-T-5,9-T-6,9-T-7,9-T-8,9-T-9,9-T-10,10-T-0,10-T-1,10-T-2,10-T-3,10-T-4,10-T-5,10-T-6,10-T-7,10-T-8,10-T-9,10-T-10,0-I-0,0-I-1,0-I-2,0-I-3,0-I-4,0-I-5,0-I-6,0-I-7,0-I-8,0-I-9,0-I-10,1-I-0,1-I-1,1-I-2,1-I-3,1-I-4,1-I-5,1-I-6,1-I-7,1-I-8,1-I-9,1-I-10,2-I-0,2-I-1,2-I-2,2-I-3,2-I-4,2-I-5,2-I-6,2-I-7,2-I-8,2-I-9,2-I-10,3-I-0,3-I-1,3-I-2,3-I-3,3-I-4,3-I-5,3-I-6,3-I-7,3-I-8,3-I-9,3-I-10,4-I-0,4-I-1,4-I-2,4-I-3,4-I-4,4-I-5,4-I-6,4-I-7,4-I-8,4-I-9,4-I-10,5-I-0,5-I-1,5-I-2,5-I-3,5-I-4,5-I-5,5-I-6,5-I-7,5-I-8,5-I-9,5-I-10,6-I-0,6-I-1,6-I-2,6-I-3,6-I-4,6-I-5,6-I-6,6-I-7,6-I-8,6-I-9,6-I-10,7-I-0,7-I-1,7-I-2,7-I-3,7-I-4,7-I-5,7-I-6,7-I-7,7-I-8,7-I-9,7-I-10,8-I-0,8-I-1,8-I-2,8-I-3,8-I-4,8-I-5,8-I-6,8-I-7,8-I-8,8-I-9,8-I-10,9-I-0,9-I-1,9-I-2,9-I-3,9-I-4,9-I-5,9-I-6,9-I-7,9-I-8,9-I-9,9-I-10,10-I-0,10-I-1,10-I-2,10-I-3,10-I-4,10-I-5,10-I-6,10-I-7,10-I-8,10-I-9,10-I-10
0,0.2,0.5,1.3,0.95,1.6,100,100,100,100,100,100,100,100,100,100,100,0,0,0,0,0,0,0,0,0,0,0,0,0,0,0,0,0,0,0,0,0,0,0,0,0,0,0,0,0,0,0,0,0,0,0,0,0,0,0,0,0,0,0,0,0,0,0,0,0,0,0,0,0,0,0,0,0,0,0,0,0,0,0,0,0,0,0,0,0,0,0,0,0,0,0,0,0,0,0,0,0,0,0,0,0,0,0,0,0,0,0,0,0,0,0,0,0,0,0,0,0,0,0,0,0,0,0,0,0,0,0,0,0,0,0,0,0,0,0,0,0,1,0,0,0,0,0,0,0,0,0,0,0,1,0,0,0,0,0,0,0,0,0,0,0,1,0,0,0,0,0,0,0,0,0,0,0,1,0,0,0,0,0,0,0,0,0,0,0,1,0,0,0,0,0,0,0,0,0,0,0,1,0,0,0,0,0,0,0,0,0,0,0,1,0,0,0,0,0,0,0,0,0,0,0,1,0,0,0,0,0,0,0,0,0,0,0,1,0,0,0,0,0,0,0,0,0,0,0,1,0,0,0,0,0,0,0,0,0,0,0,1
1,0.2,0.5,1.3,0.95,1.6,94.3182,98.1818,92.2727,104.955,110,101.409,93.1364,100.136,100.182,115.545,116.727,0.318182,0,0,0.0454545,0.227273,0.227273,0,0.0909091,0,0,0.0909091,0.0909091,0.272727,0.136364,0,0,0,0.0909091,0.227273,0,0,0.181818,0.0454545,0.136364,0.272727,0.318182,0.136364,0,0,0,0,0.0909091,0,0.0454545,0.0454545,0.0909091,0.318182,0,0.227273,0,0.0909091,0.0454545,0.136364,0,0,0,0,0.181818,0.272727,0.0909091,0.136364,0,0,0.181818,0.136364,0.0454545,0.227273,0,0,0.0909091,0.318182,0,0,0,0.136364,0.181818,0,0.0909091,0.0454545,0.181818,0.272727,0,0.318182,0,0,0,0.0909091,0.0909091,0,0,0,0.227273,0.0454545,0.0454545,0.5,0,0.0909091,0,0,0,0,0,0,0,0,0,1,0,0,0,0,0,0,0,0,0,0,0,1,0,0,0,0,0,0,0,0,0,0,0,1,6.04545,0,0,1.18182,5.90909,5.90909,0,2.36364,0,0,2.36364,2.36364,5.18182,3.54545,0,0,0,2.36364,5.90909,0,0,4.72727,1.18182,3.54545,5.18182,8.27273,3.54545,0,0,0,0,2.36364,0,1.18182,1.18182,2.36364,6.04545,0,5.90909,0,2.36364,1.18182,3.54545,0,0,0,0,4.72727,5.18182,2.36364,3.54545,0,0,4.72727,3.54545,1.18182,5.90909,0,0,2.36364,6.04545,0,0,0,3.54545,4.72727,0,2.36364,1.18182,4.72727,7.09091,0,6.04545,0,0,0,2.36364,2.36364,0,0,0,5.90909,1.18182,1.18182,9.5,0,2.36364,0,0,0,0,0,0,0,0,0,19,0,0,0,0,0,0,0,0,0,0,0,19,0,0,0,0,0,0,0,0,0,0,0,19
2,0.2,0.5,1.3,0.95,1.6,97.8715,111.691,45.1831,108.111,107.752,97.8173,99.4252,103.37,107.155,124.785,116.466,0.318182,0.181818,0.0909091,0.0909091,0.0454545,0.0909091,0,0.181818,0,0,0,0.0909091,0.272727,0.0909091,0.0909091,0.0909091,0.181818,0.0909091,0.0909091,0,0,0,0,0.363636,0.227273,0.272727,0,0,0.136364,0,0,0,0,0.0454545,0,0.272727,0.318182,0.181818,0,0.181818,0,0,0,0,0.181818,0.0454545,0.136364,0,0.136364,0.0909091,0.227273,0.181818,0,0,0,0.136364,0.0909091,0.0909091,0.0909091,0.0909091,0.318182,0.0909091,0.0909091,0,0,0,0.0454545,0.181818,0.0454545,0.0454545,0.272727,0,0.318182,0.0909091,0,0,0,0.136364,0.272727,0.0454545,0.136364,0,0.0454545,0,0.363636,0,0,0,0,0,-0.863636,0,0,0,0,0,0.136364,0,0,0,0,-0.863636,0,0,0,0,0,0,0.136364,0,0,0,0,0,0,0,0,0,0,0,1,10.3466,4.45868,2.22934,3.1373,5.6545,6.76917,0,6.27461,0,0,1.81593,4.17225,9.14686,5.09805,2.32066,2.32066,4.64132,4.17225,6.94964,0,0,3.70318,0.898527,11.4195,7.9242,12.8327,2.69558,0,3.27149,0,0,1.79705,0,2.19742,0.957048,9.35633,11.2406,4.96149,4.78524,4.96149,1.9141,0.957048,2.87114,0,5.2,1.3,3.9,3.92132,7.14837,4.56066,9.44099,5.2,0,3.92132,2.94099,4.5361,7.10038,2.39694,2.39694,4.27832,10.9426,2.39694,2.39694,0,2.82206,3.76275,1.1007,6.20783,2.00321,4.71075,12.0193,0,10.2472,2.2014,0,0,1.80502,5.41992,7.10058,1.18343,3.55029,4.67407,2.11824,0.934814,14.433,0,1.86963,0,0,0,-24.5702,0,0,0,0,0,42.1981,0,0,0,0,-28.3382,0,0,0,0,0,0,47.504,0,0,0,0,0,0,0,0,0,0,0,38.438
3,0.2,0.5,1.3,0.95,1.6,102.028,113.994,16.1319,107.366,110.391,97.0844,100.754,90.6052,108.722,126.389,115.599,1,0,0,0,0,0,0,0,0,0,0,0,1,0,0,0,0,0,0,0,0,0,0,0,1,0,0,0,0,0,0,0,0,0,0,0,1,0,0,0,0,0,0,0,0,0,0,0,1,0,0,0,0,0,0,0.0454545,0,0,0.0454545,0.0454545,0.863636,0,0,0,0,0,0,0,0,0,0,0,1,0,0,0,0,0.136364,0.181818,0,0.0454545,0.0909091,0.0909091,0.0909091,0.363636,0,0,0,0,0,-0.545455,0,0,0,0,0,0.454545,0,0,0,0,-0.5,0,0,0,0,0,0,0.5,0,0,0,0,0,0,0,0,0,0,0,1,27.0531,3.64609,1.82305,2.56487,4.62065,5.53218,0,5.12975,0,0,1.48365,3.57742,29.0641,4.37059,1.99108,1.99108,3.98215,3.57742,5.95694,0,0,3.17269,0.546061,6.84755,13.3583,7.72945,1.63818,0,1.95351,0,0,1.09212,0,1.79039,0.779869,7.62286,29.6995,4.04208,3.89935,4.04208,1.55974,0.779869,2.33961,0,4.13067,1.03267,3.098,3.11415,26.1504,3.62241,7.49895,4.13067,0,3.11415,2.33561,4.732,5.59769,1.88957,3.04559,4.52884,24.6776,1.88957,1.88957,0,2.22487,2.9665,0.913329,5.14851,1.66093,3.90372,9.96556,0,27.3871,1.82666,0,0,1.4952,8.08499,10.6777,0.965187,4.1172,6.25455,4.17072,3.20554,18.9119,0,1.52451,0,0,0,-32.8509,0,0,0,0,0,56.742,0,0,0,0,-37.0057,0,0,0,0,0,0,64.8933,0,0,0,0,0,0,0,0,0,0,0,52.9454
4,0.2,0.5,1.3,0.95,1.6,107.039,116.435,7.4543,106.551,113.044,95.2882,102.179,25.1244,118.203,137.047,115.089,1,0,0,0,0,0,0,0,0,0,0,0,1,0,0,0,0,0,0,0,0,0,0,0,1,0,0,0,0,0,0,0,0,0,0,0,1,0,0,0,0,0,0,0,0,0,0,0,1,0,0,0,0,0,0,0.0454545,0,0,0.0454545,0.0454545,0.818182,0,0.0454545,0,0,0,0,0,0,0,0,0,1,0,0,0,0,0.181818,0.181818,0,0,0.0909091,0.0909091,0.0909091,0.363636,0,0,0,0,0,0,0,0,0,0,-0.863636,0.136364,0,0,0,0,0,0,0,0,0,-0.863636,0,0.136364,0,0,0,0,0,0,0,0,0,0,0,1,41.8047,3.02375,1.51188,2.1262,3.82757,4.58351,0,4.2524,0,0,1.22865,2.93653,45.4919,3.58743,1.63475,1.63475,3.2695,2.93653,4.88921,0,0,2.60357,0.351842,4.3522,10.8078,4.9354,1.05553,0,1.23625,0,0,0.703684,0,1.44769,0.630637,6.16357,44.4101,3.2682,3.15319,3.2682,1.26127,0.630637,1.89191,0,3.39188,0.84797,2.54391,2.55953,42.4534,2.97571,6.1595,3.39188,0,2.55953,1.91965,4.97104,4.52291,1.52682,3.60841,4.80685,35.034,1.52682,2.67418,0,1.79766,2.39688,0.746484,4.2068,1.35692,3.18822,8.1415,0,41.513,1.49297,0,0,1.22087,10.4287,12.3986,0.733243,3.12872,6.89666,5.31222,4.57898,20.6353,0,1.15884,0,0,0,-29.0927,0,0,0,0,-25.1713,76.6125,0,0,0,0,-32.6445,0,0,0,0,-29.2615,0,87.9755,0,0,0,0,0,0,0,0,0,0,0,64.7599
5,0.2,0.5,1.3,0.95,1.6,108.324,113.1,3.23363,108.668,110.803,33.6845,103.79,15.4675,127.612,147.637,115.199,1,0,0,0,0,0,0,0,0,0,0,0,1,0,0,0,0,0,0,0,0,0,0,0,1,0,0,0,0,0,0,0,0,0,0,0,1,0,0,0,0,0,0,0,0,0,0,0,0.909091,0,0.0909091,0,0,0,0,0.136364,0,0,0.136364,0.0454545,0.590909,0,0.0909091,0,0,0,0,0,0,0,0,0,1,0,0,0,0,0,0,0,0,0,0,0,1,0,0,0,0,0,0,0,0,-0.863636,0,0,0.136364,0,0,0,0,0,0,0,-0.863636,0,0,0,0.136364,0,0,0,0,0,0,0,0,0,0,0,1,55.3995,2.54033,1.27017,1.78531,3.21083,3.84591,0,3.57063,0,0,1.0303,2.43319,59.7431,2.97231,1.35494,1.35494,2.70988,2.43319,4.05055,0,0,2.15649,0.261056,3.21135,8.72072,3.64853,0.783169,0,0.910567,0,0,0.522112,0,1.17957,0.513905,5.02183,56.4147,2.66268,2.56952,2.66268,1.02781,0.513905,1.54171,0,2.8086,0.702149,2.10645,2.12189,54.6739,2.46524,7.77412,2.8086,0,2.12189,1.59142,7.40368,3.66212,1.23629,6.30037,5.01843,39.0682,1.23629,4.41764,0,1.4555,1.94067,0.615629,3.46802,1.11838,2.62663,6.71027,0,53.6084,1.23126,0,0,1.0055,5.45516,6.4909,0.385047,1.64802,3.62102,2.7815,2.39645,15.5957,0,0.612284,0,0,0,-24.6811,0,0,-24.3231,0,-23.1402,94.3299,0,0,0,0,-27.6844,0,0,-28.2007,0,-26.8625,0,108.615,0,0,0,0,0,0,0,0,0,0,0,74.7063
6,0.2,0.5,1.3,0.95,1.6,105.269,108.786,2.63823,107.741,105.571,19.0335,63.8983,14.793,132.066,152.5,115.438,0.863636,0.0454545,0,0,0,0.0454545,0,0.0454545,0,0,0,0,0.818182,0,0,0,0.0454545,0.0454545,0.0909091,0,0,0,0,0,1,0,0,0,0,0,0,0,0,0,0,0,1,0,0,0,0,0,0,0,0.0454545,0,0,0,0.818182,0.0454545,0.0454545,0.0454545,0,0,0,0,0,0,0,0,1,0,0,0,0,0,0,0,0,0,0,0,1,0,0,0,0,0,0,0,0,0,0,0,1,0,0,0,0,0,0,0,0,0,-0.863636,0,0.136364,0,0,0,0,0,0,0,0,-0.863636,0,0,0.136364,0,0,0,0,0,0,0,0,0,0,0,1,63.6937,3.39006,1.05493,1.4822,2.6638,4.47146,0,4.24459,0,0,0.854535,1.97515,66.0277,2.41271,1.10001,1.10001,3.53666,3.31178,5.96112,0,0,1.75027,0.200604,2.45993,6.74249,2.79781,0.601811,0,0.696793,0,0,0.401207,0,0.982168,0.428009,4.18097,67.5612,2.21663,2.14005,2.21663,0.856019,0.428009,1.28403,0,3.59856,0.572267,1.7168,1.73046,61.7687,3.31925,7.64439,3.59856,0,1.73046,1.29784,4.05698,2.00837,0.67696,3.45221,2.74736,27.7622,0.67696,2.42202,0,0.798843,1.06512,0.51208,2.88329,0.929567,2.18203,5.5774,0,64.2205,1.02416,0,0,0.834974,4.03528,4.80235,0.285086,1.22105,2.68087,2.058,1.77291,14.1005,0,0.45398,0,0,0,-19.5577,0,0,-23.3857,-19.8691,-20.2044,105.424,0,0,0,0,-22.018,0,0,-27.0827,-22.987,-23.424,0,121.617,0,0,0,0,0,0,0,0,0,0,0,83.4208
7,0.2,0.5,1.3,0.95,1.6,103.677,105.594,2.52937,103.905,99.6749,16.4563,21.9759,17.9287,138.307,159.664,116.42,0.818182,0.0454545,0,0,0.0454545,0.0454545,0,0.0454545,0,0,0,0.0454545,0.772727,0,0,0,0.0454545,0.0454545,0.0909091,0,0,0,0,0,1,0,0,0,0,0,0,0,0,0,0,0,0.818182,0,0,0.181818,0,0,0,0,0.0454545,0.0454545,0,0,0.727273,0.0454545,0.0909091,0.0454545,0,0,0,0,0,0,0,0,1,0,0,0,0,0,0,0,0,0,0,0,1,0,0,0,0,0,0,0,0,0,0,0,1,0,0,0,0,0,0,0,0,0,-0.590909,0,0.409091,0,0,0,0,0,0,0,0,-0.590909,0,0,0.409091,0,0,0,0,0,0,0,0,0,0,0,1,68.2432,4.00671,0.860418,1.20866,3.41553,4.88752,0,4.7032,0,0,0.696494,2.887,69.4451,1.95605,0.891926,0.891926,4.15156,3.96905,7.40089,0,0,1.41883,0.159749,1.95822,5.78736,2.22747,0.479246,0,0.554615,0,0,0.319498,0,0.809407,0.352788,3.44529,72.3507,1.82648,1.76394,6.9197,0.705576,0.352788,1.05836,0,4.14781,1.70894,1.38385,1.39521,64.3654,3.92285,8.65629,4.14781,0,1.39521,1.0464,2.89087,1.43155,0.482245,2.45989,1.95696,22.9253,0.482245,1.72621,0,0.569584,0.759446,0.330621,1.86701,0.602884,1.41967,3.6173,0,54.2827,0.661242,0,0,0.544526,3.23705,3.85236,0.228685,0.979457,2.15049,1.65088,1.4222,14.1476,0,0.364146,0,0,0,-15.5913,0,0,-20.3159,-34.9289,-16.9308,116.983,0,0,0,0,-17.5976,0,0,-23.5014,-40.3535,-19.6046,0,134.986,0,0,0,0,0,0,0,0,0,0,0,90.983
8,0.2,0.5,1.3,0.95,1.6,101.139,94.9116,2.71835,102.856,47.2004,14.856,4.17543,18.0988,153.086,175.088,117.284,0.181818,0,0,0,0,0,0,0,0.409091,0.409091,0,0.5,0.5,0,0,0,0,0,0,0,0,0,0,0,1,0,0,0,0,0,0,0,0,0,0,0,1,0,0,0,0,0,0,0,0,0,0,0,1,0,0,0,0,0,0,0,0,0,0,0,1,0,0,0,0,0,0,0,0,0,0,0,1,0,0,0,0,0,0.0454545,0.0454545,0,0,0.0454545,0,0.863636,0,0,0,0,0,0,0,-0.863636,0,0,0,0.136364,0,0,0,0,0,0,-0.863636,0,0,0,0,0.136364,0,0,0,0,0,0,0,0,0,0,0,1,59.071,3.25869,0.700661,0.984072,2.77814,3.97508,0,3.82551,11.0275,11.0275,0.566821,16.057,66.0541,1.57926,0.720183,0.720183,3.34999,3.20252,5.97122,0,0,1.14544,0.127814,1.56677,5.11336,1.78219,0.383441,0,0.443748,0,0,0.255627,0,0.651015,0.28376,2.77105,77.9161,1.46902,1.4188,5.56329,0.567521,0.28376,0.851281,0,3.29845,1.35911,1.10021,1.10901,70.1243,3.11948,6.88354,3.29845,0,1.10901,0.831761,2.27209,1.12519,0.379005,1.93335,1.53799,20.9977,0.379005,1.35677,0,0.447713,0.59695,0.187561,1.0657,0.345289,0.818474,2.07173,0,35.5056,0.375121,0,0,0.315457,2.69686,3.42105,0.402316,0.815311,1.7908,1.58711,1.18479,15.2484,0,0.303005,0,0,0,-12.4003,0,-23.4182,-16.8648,-30.5147,-13.59,124.998,0,0,0,0,-14.0498,0,-27.0343,-19.5045,-35.2496,-15.7314,0,144.317,0,0,0,0,0,0,0,0,0,0,0,97.0505
9,0.2,0.5,1.3,0.95,1.6,94.9475,46.4955,2.79985,101.49,21.5246,16.6398,2.80172,19.025,158.041,180.011,118.914,0.727273,0.181818,0,0,0,0.0454545,0,0.0454545,0,0,0,0,1,0,0,0,0,0,0,0,0,0,0,0,1,0,0,0,0,0,0,0,0,0,0,0,0.909091,0.0454545,0.0454545,0,0,0,0,0,0,0,0,0,1,0,0,0,0,0,0,0,0,0,0,0,1,0,0,0,0,0,0,0,0,0,0,0,1,0,0,0,0,0,0,0,0,0,0,0,1,0,0,0,0,-0.772727,0,0,0,0,0,0,0.227273,0,0,0,-0.772727,0,0,0,0,0,0,0,0.227273,0,0,0,0,0,0,0,0,0,0,0,1,62.2315,7.44422,0.573508,0.805305,2.27065,4.44385,0,4.32197,8.9972,8.9972,0.463593,12.5725,69.7258,1.23305,0.562165,0.562165,2.61951,2.5046,4.67066,0,0,0.894513,0.102704,1.25941,4.7251,1.4324,0.308111,0,0.356738,0,0,0.205407,0,0.536867,0.234048,2.28501,81.8848,2.42684,2.38581,4.57729,0.468097,0.234048,0.702145,0,1.96565,0.814026,0.646777,0.644193,50.9051,1.85656,4.09679,1.96565,0,0.644193,0.483144,1.80594,0.894362,0.301242,1.5367,1.22242,19.438,0.301242,1.07842,0,0.355872,0.474496,0.12243,0.69895,0.227045,0.540889,1.36227,0,23.5237,0.24486,0,0,0.20923,2.18823,2.77977,0.330433,0.661348,1.45283,1.29175,0.961318,16.0102,0,0.245755,0,0,-23.6863,-9.80849,0,-24.3911,-13.4053,-21.8432,-10.7689,135.388,0,0,0,-27.0906,-11.1356,0,-28.0164,-15.4121,-25.0986,-12.3877,0,155.439,0,0,0,0,0,0,0,0,0,0,0,102.967
10,0.2,0.5,1.3,0.95,1.6,41.1214,25.8618,2.88696,93.2904,10.4694,18.0363,2.61583,21.1134,168.647,191.771,122.151,0.772727,0.136364,0,0,0,0.0454545,0,0.0454545,0,0,0,0,0.909091,0,0,0,0,0,0.0909091,0,0,0,0,0,1,0,0,0,0,0,0,0,0,0.5,0,0,0.5,0,0,0,0,0,0,0,0,0,0,0,1,0,0,0,0,0,0,0,0,0,0,0,1,0,0,0,0,0,0,0,0,0,0,0,1,0,0,0,0,0,0,0,0,0,0,0,1,0,0,0,-0.772727,0,0,0,0,0,0,0,0.227273,0,0,-0.772727,0,0,0,0,0,0,0,0,0.227273,0,0,0,0,0,0,0,0,0,0,0,1,64.3449,9.39388,0.46516,0.653077,1.84008,4.7219,0,4.6233,7.28352,7.28352,0.375835,7.7361,50.6691,0.728365,0.33088,0.33088,1.58145,1.51556,3.93172,0,0,0.52998,0.0825131,1.01217,4.42865,1.15106,0.247539,0,0.286736,0,0,0.165026,0,13.6417,0.195401,1.90704,77.7573,2.02005,1.98623,3.80868,0.390802,0.195401,0.586203,0,1.29657,0.539194,0.42174,0.415727,37.2038,1.22328,2.69938,1.29657,0,0.415727,0.311795,1.49751,0.741538,0.249817,1.27426,1.01377,19.7838,0.249817,0.894181,0,0.295033,0.393377,0.0964374,0.55078,0.178953,0.426499,1.07372,0,18.9565,0.192875,0,0,0.165031,1.80142,2.2948,0.278537,0.544129,1.19564,1.06989,0.791353,17.2399,0,0.202145,0,-28.1032,-23.4783,-7.72291,0,-21.063,-10.748,-16.9772,-8.47527,150.431,0,0,-32.01,-26.7941,-8.78581,0,-24.1305,-12.3197,-19.4524,-9.71816,0,172.086,0,0,0,0,0,0,0,0,0,0,0,109.637
11,0.2,0.5,1.3,0.95,1.6,15.0737,12.0625,2.99614,8.31311,8.9318,17.8815,2.60094,21.0395,184.561,210.73,143.204,1,0,0,0,0,0,0,0,0,0,0,0,1,0,0,0,0,0,0,0,0,0,0,0,1,0,0,0,0,0,0,0,0,0,0,0,0.318182,0,0,0,0,0,0,0.681818,0,0,0,0,1,0,0,0,0,0,0,0,0,0,0,0,1,0,0,0,0,0,0,0,0,0,0,0,1,0,0,0,0,0,0,0,0,0,0,0,1,0,0,0,0,0,0,-0.681818,0,0,0,0,0.318182,0,0,0,0,0,-0.727273,0,0,0,0,0,0.272727,0,0,0,0,0,0,0,0,0,0,0,1,44.9186,5.47405,0.254918,0.359485,1.03738,2.71624,0,2.65745,4.2446,4.2446,0.209136,5.35398,39.4633,0.489894,0.221967,0.221967,1.08028,1.03693,2.64799,0,0,0.357236,0.0663352,0.814034,4.22651,0.925618,0.199006,0,0.230636,0,0,0.13267,0,10.9378,0.156734,1.52964,67.9951,1.62003,1.59292,3.05439,0.313469,0.156734,0.470203,16.5378,0.93502,0.389849,0.301942,0.295669,28.1663,0.88156,1.94533,0.93502,0,0.295669,0.221752,1.24101,0.614465,0.207046,1.05601,0.840229,20.361,0.207046,0.740977,0,0.244452,0.325935,0.0772164,0.440994,0.14328,0.341473,0.859683,0,15.6839,0.154433,0,0,0.132128,1.50907,1.93071,0.241795,0.455416,1.00113,0.904678,0.662883,19.203,0,0.169122,0,-27.388,-21.4075,-6.08198,-32.5034,-15.6741,-8.50894,-13.4379,-6.62274,171.57,0,0,-31.1674,-24.4041,-6.90684,-39.4241,-17.9297,-9.73623,-15.3722,-7.57996,0,196.584,0,0,0,0,0,0,0,0,0,0,0,116.83
12,0.2,0.5,1.3,0.95,1.6,7.26369,9.94279,3.14323,1.57949,8.4328,17.6465,2.64428,21.1088,171.09,194.914,88.33,1,0,0,0,0,0,0,0,0,0,0,0,1,0,0,0,0,0,0,0,0,0,0,0,1,0,0,0,0,0,0,0,0,0,0,0,1,0,0,0,0,0,0,0,0,0,0,0,1,0,0,0,0,0,0,0,0,0,0,0,1,0,0,0,0,0,0,0,0,0,0,0,1,0,0,0,0,0,0,0,0,0,0,0,1,0,0,0,0,0,0,0,0,0,0,0,0.136364,0,-0.863636,0,0,0,0,0,0,0,0,0,0.136364,-0.863636,0,0,0,0,0,0,0,0,0,0,1,30.8313,3.51045,0.154043,0.218216,0.644879,1.72125,0,1.68277,2.7222,2.7222,0.128347,3.78518,29.3465,0.336563,0.152082,0.152082,0.75395,0.724855,1.82171,0,0,0.245974,0.0534251,0.655955,4.13285,0.745735,0.160275,0,0.18588,0,0,0.10685,0,4.77659,0.0581569,0.572707,29.6699,0.648778,0.6353,1.23395,0.116314,0.0581569,0.174471,7.27092,0.743292,0.309962,0.239916,0.23483,24.0239,0.700764,1.54637,0.743292,0,0.23483,0.176122,1.01555,0.502801,0.16944,0.864161,0.68763,20.4128,0.16944,0.606335,0,0.200017,0.266689,0.0620575,0.354377,0.115131,0.274351,0.690786,0,13.1554,0.124115,0,0,0.106147,1.24091,1.59156,0.20283,0.374296,0.822998,0.747897,0.545067,20.2273,0,0.138965,0,-19.6747,-15.5232,-4.51453,-17.0721,-12.2407,-6.61364,-10.1515,-5.16294,161.438,0,-29.6103,-22.4418,-17.7358,-5.13765,-20.7539,-14.0298,-7.5838,-11.6371,-5.92208,0,184.465,-33.8087,0,0,0,0,0,0,0,0,0,0,136.683
13,0.2,0.5,1.3,0.95,1.6,6.27013,9.73211,3.43542,1.07505,8.61391,18.5524,2.78265,22.438,175.892,200.216,11.1456,1,0,0,0,0,0,0,0,0,0,0,0,1,0,0,0,0,0,0,0,0,0,0,0,1,0,0,0,0,0,0,0,0,0,0,0,1,0,0,0,0,0,0,0,0,0,0,0,1,0,0,0,0,0,0,0,0,0,0,0,1,0,0,0,0,0,0,0,0,0,0,0,1,0,0,0,0,0,0,0,0,0,0,0,1,0,0,0,0,0,0,0,0,0,0,0,0.363636,0,-0.636364,0,0,0,0,0,0,0,0,0,0.318182,-0.681818,0,0,0,0,0,0,0,0,0,0,1,23.6909,2.60479,0.111544,0.158318,0.472549,1.27115,0,1.24237,2.01995,2.01995,0.0935483,3.02084,25.2844,0.268438,0.121292,0.121292,0.601541,0.578347,1.45301,0,0,0.196195,0.0432757,0.531858,4.23435,0.604453,0.129827,0,0.150761,0,0,0.0865514,0,3.55072,0.041948,0.413841,21.7563,0.474953,0.46473,0.904801,0.083896,0.041948,0.125844,5.41098,0.603506,0.251571,0.195009,0.191067,21.2941,0.569033,1.25568,0.603506,0,0.191067,0.1433,0.846925,0.419267,0.141319,0.720676,0.573525,21.025,0.141319,0.50562,0,0.166769,0.222358,0.0501497,0.286303,0.0930018,0.221558,0.558011,0,11.2707,0.100299,0,0,0.0857041,1.04672,1.34865,0.177337,0.315423,0.693856,0.637077,0.45974,21.8985,0,0.117058,0,-14.9968,-12.3942,-3.60407,-12.8765,-9.88811,-5.36905,-8.15042,-4.17157,168.333,0,-50.206,-17.0837,-14.1401,-4.09291,-15.6351,-11.3136,-6.14466,-9.32587,-4.77523,0,192.012,-59.0302,0,0,0,0,0,0,0,0,0,0,108.732
14,0.2,0.5,1.3,0.95,1.6,6.18718,9.94674,3.78324,1.01227,8.97774,19.9044,2.94851,24.2708,165.279,186.703,2.11766,1,0,0,0,0,0,0,0,0,0,0,0,1,0,0,0,0,0,0,0,0,0,0,0,1,0,0,0,0,0,0,0,0,0,0,0,1,0,0,0,0,0,0,0,0,0,0,0,1,0,0,0,0,0,0,0,0,0,0,0,1,0,0,0,0,0,0,0,0,0,0,0,1,0,0,0,0,0,0,0,0,0,0,0,1,0,0,0,0,0,0,0,0,0,0,0,1,0,0,0,0,0,0,0,0,0,0,0,1,0,0,0,0,0,0,0,0,0,0,0,1,20.1035,2.08095,0.0890697,0.126424,0.377426,1.01542,0,0.992429,1.61373,1.61373,0.0747095,2.4569,22.6174,0.219223,0.0990929,0.0990929,0.490143,0.471136,1.18638,0,0,0.160173,0.0351534,0.432543,4.42898,0.491386,0.10546,0,0.122656,0,0,0.0703068,0,2.82651,0.0333204,0.328768,17.4641,0.377672,0.369522,0.719559,0.0666408,0.0333204,0.0999613,4.30769,0.493457,0.205581,0.1597,0.156699,19.3471,0.465339,1.02686,0.493457,0,0.156699,0.117525,0.714616,0.35372,0.119256,0.608095,0.484002,22.0588,0.119256,0.426592,0,0.140678,0.187571,0.040587,0.231641,0.0752335,0.179173,0.451401,0,9.81243,0.0811739,0,0,0.069293,0.894015,1.15801,0.15768,0.269106,0.592276,0.550316,0.392636,23.9169,0,0.0998205,0,-12.0529,-10.0766,-2.90152,-10.2905,-8.0518,-4.40627,-6.58627,-3.40169,159.234,0,-26.7067,-13.7228,-11.4879,-3.2912,-12.4894,-9.20292,-5.03689,-7.5278,-3.88916,0,180.124,-30.7183,0,0,0,0,0,0,0,0,0,0,50.2276
15,0.2,0.5,1.3,0.95,1.6,6.21566,10.1315,4.0596,1.00328,9.24374,20.9763,3.06688,25.73,162.447,182.807,1.4212,1,0,0,0,0,0,0,0,0,0,0,0,1,0,0,0,0,0,0,0,0,0,0,0,1,0,0,0,0,0,0,0,0,0,0,0,1,0,0,0,0,0,0,0,0,0,0,0,1,0,0,0,0,0,0,0,0,0,0,0,1,0,0,0,0,0,0,0,0,0,0,0,1,0,0,0,0,0,0,0,0,0,0,0,1,0,0,0,0,0,0,0,0,0,0,0,1,0,0,0,0,0,0,0,0,0,0,0,1,0,0,0,0,0,0,0,0,0,0,0,1,17.4138,1.67401,0.0717865,0.101878,0.303909,0.817145,0,0.798658,1.29815,1.29815,0.0601821,1.99301,20.4203,0.178433,0.0806812,0.0806812,0.3982,0.382687,0.965477,0,0,0.130336,0.028497,0.350992,4.58088,0.398605,0.0854911,0,0.0995629,0,0,0.0569941,0,2.2614,0.0266597,0.263047,14.1661,0.302169,0.295649,0.575707,0.0533193,0.0266597,0.079979,3.44645,0.401429,0.16717,0.130071,0.127766,17.6794,0.378598,0.835447,0.401429,0,0.127766,0.0958242,0.597303,0.295621,0.0996878,0.508272,0.404596,22.8172,0.0996878,0.356537,0,0.11756,0.156746,0.0327594,0.186925,0.060703,0.144534,0.364218,0,8.60359,0.0655188,0,0,0.0558871,0.754727,0.981584,0.137175,0.226984,0.499769,0.468617,0.331442,25.4979,0,0.0841637,0,-9.7452,-8.19523,-2.34144,-8.27436,-6.5495,-3.61236,-5.32634,-2.77441,157.604,0,-19.4725,-11.0405,-9.29502,-2.63919,-9.9956,-7.44544,-4.10516,-6.05334,-3.15288,0,177.524,-22.2995,0,0,0,0,0,0,0,0,0,0,35.7293
16,0.2,0.5,1.3,0.95,1.6,6.18026,10.1282,4.1828,0.993373,9.28896,21.3737,3.09845,26.3125,160.615,180.438,1.31075,1,0,0,0,0,0,0,0,0,0,0,0,1,0,0,0,0,0,0,0,0,0,0,0,1,0,0,0,0,0,0,0,0,0,0,0,1,0,0,0,0,0,0,0,0,0,0,0,1,0,0,0,0,0,0,0,0,0,0,0,1,0,0,0,0,0,0,0,0,0,0,0,1,0,0,0,0,0,0,0,0,0,0,0,1,0,0,0,0,0,0,0,0,0,0,0,1,0,0,0,0,0,0,0,0,0,0,0,1,0,0,0,0,0,0,0,0,0,0,0,1,15.1533,1.34126,0.0575475,0.0816666,0.243566,0.654787,0,0.639978,1.04012,1.04012,0.0482381,1.60184,18.4007,0.143573,0.0649257,0.0649257,0.320207,0.307713,0.776813,0,0,0.104863,0.0229645,0.283004,4.60214,0.321335,0.0688936,0,0.0802915,0,0,0.0459291,0,1.80914,0.021328,0.21044,11.5237,0.241738,0.236522,0.46057,0.042656,0.021328,0.063984,2.75718,0.323219,0.134579,0.104777,0.102962,16.0812,0.304849,0.672705,0.323219,0,0.102962,0.0772214,0.488156,0.241589,0.0814753,0.415396,0.330683,22.8949,0.0814753,0.291377,0,0.0960685,0.128091,0.0263076,0.150096,0.0487406,0.116039,0.292443,0,7.54354,0.0526152,0,0,0.0448659,0.620346,0.808397,0.114364,0.186491,0.410692,0.386783,0.272419,26.1512,0,0.0691366,0,-7.83029,-6.60032,-1.88119,-6.63597,-5.27694,-2.92482,-4.28202,-2.24096,156.739,0,-15.4694,-8.84947,-7.46716,-2.11382,-7.99793,-5.98296,-3.31427,-4.853,-2.53914,0,176.205,-17.6779,0,0,0,0,0,0,0,0,0,0,28.4829
17,0.2,0.5,1.3,0.95,1.6,6.12202,10.0529,4.21762,0.982743,9.24097,21.4174,3.09033,26.4185,158.898,178.377,1.27855,1,0,0,0,0,0,0,0,0,0,0,0,1,0,0,0,0,0,0,0,0,0,0,0,1,0,0,0,0,0,0,0,0,0,0,0,1,0,0,0,0,0,0,0,0,0,0,0,1,0,0,0,0,0,0,0,0,0,0,0,1,0,0,0,0,0,0,0,0,0,0,0,1,0,0,0,0,0,0,0,0,0,0,0,1,0,0,0,0,0,0,0,0,0,0,0,1,0,0,0,0,0,0,0,0,0,0,0,1,0,0,0,0,0,0,0,0,0,0,0,1,13.3019,1.07322,0.0460501,0.06535,0.194898,0.523939,0,0.512089,0.832255,0.832255,0.0385999,1.28304,16.6797,0.115032,0.0520204,0.0520204,0.256511,0.246498,0.622379,0,0,0.0840152,0.0184379,0.22728,4.5541,0.25804,0.0553136,0,0.0644876,0,0,0.0368757,0,1.44725,0.0170613,0.168342,9.4066,0.19338,0.189208,0.368437,0.0341227,0.0170613,0.051184,2.20565,0.259121,0.107885,0.0840104,0.0825664,14.6862,0.244397,0.539307,0.259121,0,0.0825664,0.0619248,0.394184,0.195078,0.0657922,0.335431,0.267032,22.6519,0.0657922,0.235282,0,0.0775717,0.103429,0.0210761,0.120244,0.039046,0.0929556,0.234276,0,6.65114,0.0421523,0,0,0.0359397,0.502406,0.655278,0.0932023,0.151007,0.332579,0.313827,0.220624,26.2994,0,0.0559775,0,-6.27414,-5.29308,-1.50783,-5.31444,-4.23292,-2.3522,-3.43243,-1.80046,155.797,0,-12.367,-7.08308,-5.98149,-1.69193,-6.39859,-4.79362,-2.662,-3.88532,-2.03734,0,174.989,-14.1194,0,0,0,0,0,0,0,0,0,0,22.9836
18,0.2,0.5,1.3,0.95,1.6,6.05996,9.78465,4.32904,0.972404,9.16269,21.4289,3.06768,26.3127,157.251,176.472,1.26105,1,0,0,0,0,0,0,0,0,0,0,0,0.909091,0.0454545,0,0,0.0454545,0,0,0,0,0,0,0,1,0,0,0,0,0,0,0,0,0,0,0,1,0,0,0,0,0,0,0,0,0,0,0,1,0,0,0,0,0,0,0,0,0,0,0,1,0,0,0,0,0,0,0,0,0,0,0,1,0,0,0,0,0,0,0,0,0,0,0,1,0,0,0,0,0,0,0,0,0,0,0,1,0,0,0,0,0,0,0,0,0,0,0,1,0,0,0,0,0,0,0,0,0,0,0,1,11.8036,0.858539,0.0368379,0.0522769,0.15591,0.419131,0,0.409652,0.665775,0.665775,0.0308782,1.02671,15.0876,0.210864,0.0416307,0.0416307,0.324078,0.197258,0.498071,0,0,0.0672346,0.0147756,0.182159,4.47984,0.206803,0.0443267,0,0.0516872,0,0,0.0295511,0,1.15776,0.0136485,0.134668,7.71127,0.154699,0.15136,0.294739,0.027297,0.0136485,0.0409455,1.76447,0.207435,0.0863639,0.0672563,0.0661031,13.5218,0.195649,0.431735,0.207435,0,0.0661031,0.0495773,0.31661,0.156686,0.0528448,0.269419,0.214482,22.3039,0.0528448,0.188978,0,0.0623046,0.0830728,0.0168698,0.0962447,0.0312526,0.074401,0.187515,0,5.91772,0.0337395,0,0,0.0287656,0.404121,0.527289,0.0751748,0.121456,0.267505,0.252637,0.177463,26.2212,0,0.0450213,0,-5.02226,-4.23824,-1.20728,-4.25348,-3.38978,-1.88602,-2.74814,-1.44306,154.77,0,-9.89343,-5.66712,-4.78712,-1.35386,-5.11892,-3.83684,-2.13323,-3.10907,-1.63199,0,173.761,-11.2907,0,0,0,0,0,0,0,0,0,0,18.6197
19,0.2,0.5,1.3,0.95,1.6,5.998,9.28559,4.5859,0.962356,9.19049,21.4239,3.03979,26.1139,155.637,174.637,1.24704,1,0,0,0,0,0,0,0,0,0,0,0,0.818182,0.0909091,0,0.0454545,0.0454545,0,0,0,0,0,0,0,1,0,0,0,0,0,0,0,0,0,0,0,1,0,0,0,0,0,0,0,0,0,0,0,1,0,0,0,0,0,0,0,0,0,0,0,1,0,0,0,0,0,0,0,0,0,0,0,1,0,0,0,0,0,0,0,0,0,0,0,1,0,0,0,0,0,0,0,0,0,0,0,1,0,0,0,0,0,0,0,0,0,0,0,1,0,0,0,0,0,0,0,0,0,0,0,1,10.5926,0.686783,0.0294675,0.0418177,0.124718,0.33528,0,0.327697,0.532582,0.532582,0.0247004,0.818936,13.5142,0.39887,0.0331801,0.148817,0.373537,0.157295,0.397008,0,0,0.0535933,0.0118631,0.146292,4.4774,0.166069,0.0355893,0,0.0415136,0,0,0.0237262,0,0.926194,0.0109185,0.107732,6.35334,0.123756,0.121086,0.235786,0.021837,0.0109185,0.0327555,1.41155,0.165978,0.0691032,0.0538154,0.0528932,12.5628,0.156547,0.345451,0.165978,0,0.0528932,0.0396699,0.254215,0.125806,0.0424309,0.216324,0.172216,22.0141,0.0424309,0.151735,0,0.0500253,0.0667004,0.0134982,0.0770092,0.0250064,0.0595308,0.150038,0,5.3202,0.0269965,0,0,0.0230163,0.324047,0.422879,0.0603493,0.097387,0.214497,0.202649,0.142299,26.0429,0,0.0360989,0,-4.01775,-3.38547,-0.966641,-3.40378,-2.71297,-1.51137,-2.19904,-1.15525,153.652,0,-7.91495,-4.53272,-3.82312,-1.08369,-4.09556,-3.0701,-1.70907,-2.48729,-1.30618,0,172.468,-9.03123,0,0,0,0,0,0,0,0,0,0,15.1328
20,0.2,0.5,1.3,0.95,1.6,5.93659,8.64647,4.88757,0.95248,9.25211,21.5116,3.00998,25.8742,154.038,172.834,1.234,1,0,0,0,0,0,0,0,0,0,0,0,0.772727,0.0909091,0,0.0454545,0.0909091,0,0,0,0,0,0,0,1,0,0,0,0,0,0,0,0,0,0,0,1,0,0,0,0,0,0,0,0,0,0,0,1,0,0,0,0,0,0,0,0,0,0,0,1,0,0,0,0,0,0,0,0,0,0,0,1,0,0,0,0,0,0,0,0,0,0,0,1,0,0,0,0,0,0,0,0,0,0,0,1,0,0,0,0,0,0,0,0,0,0,0,1,0,0,0,0,0,0,0,0,0,0,0,1,9.61197,0.549386,0.0235717,0.0334509,0.0997655,0.268203,0,0.262137,0.426034,0.426034,0.0197585,0.650538,12.0033,0.532628,0.026308,0.226621,0.513788,0.124867,0.31486,0,0,0.042506,0.00955827,0.117932,4.58904,0.13385,0.0286748,0,0.0334713,0,0,0.0191165,0,0.740945,0.00873464,0.0861836,5.2652,0.0990033,0.096867,0.188626,0.0174693,0.00873464,0.0262039,1.12923,0.133073,0.0554006,0.0431531,0.0424196,11.8483,0.125514,0.27697,0.133073,0,0.0424196,0.0318147,0.204068,0.100989,0.0340611,0.173652,0.138245,21.7719,0.0340611,0.121803,0,0.0401566,0.0535421,0.010799,0.0616097,0.0200059,0.0476264,0.120035,0,4.83438,0.021598,0,0,0.0184137,0.259458,0.338611,0.0483411,0.0779749,0.171742,0.162277,0.113936,25.8196,0,0.0289031,0,-3.21263,-2.69701,-0.774362,-2.7238,-2.17362,-1.21078,-1.75941,-0.924284,152.45,0,-6.33199,-3.62411,-3.0454,-0.867966,-3.27712,-2.45953,-1.36902,-1.98984,-1.04493,0,171.098,-7.2245,0,0,0,0,0,0,0,0,0,0,12.3423
21,0.2,0.5,1.3,0.95,1.6,5.7732,7.91556,5.28545,1.01288,9.31636,21.6159,3.08178,25.6181,152.452,171.051,1.22132,0.909091,0.0454545,0,0.0454545,0,0,0,0,0,0,0,0,0.681818,0.136364,0,0.0454545,0.0909091,0.0454545,0,0,0,0,0,0,1,0,0,0,0,0,0,0,0,0,0,0,1,0,0,0,0,0,0,0,0,0,0,0,1,0,0,0,0,0,0,0,0,0,0,0,1,0,0,0,0,0,0,0,0,0,0,0,1,0,0,0,0,0,0,0,0,0,0,0,1,0,0,0,0,0,0,0,0,0,0,0,1,0,0,0,0,0,0,0,0,0,0,0,1,0,0,0,0,0,0,0,0,0,0,0,1,8.71328,0.509636,0.0188555,0.0969178,0.0798054,0.214545,0,0.209693,0.340802,0.340802,0.0158053,0.515376,10.5023,0.720888,0.0207877,0.278476,0.605195,0.201016,0.248876,0,0,0.0336007,0.00771006,0.0951855,4.75346,0.108012,0.0231302,0,0.0270208,0,0,0.0154201,0,0.592749,0.00698759,0.0689457,4.39285,0.0792015,0.0774924,0.150899,0.0139752,0.00698759,0.0209628,0.903369,0.106763,0.044444,0.034628,0.0340455,11.3022,0.1007,0.222213,0.106763,0,0.0340455,0.0255341,0.164077,0.0811975,0.0273866,0.139622,0.111155,21.6337,0.0273866,0.0979328,0,0.0322865,0.0430487,0.00863905,0.0492869,0.0160044,0.0381004,0.0960263,0,4.43908,0.0172781,0,0,0.0147307,0.207601,0.270937,0.0386825,0.0623902,0.137417,0.129847,0.0911641,25.5763,0,0.0231263,0,-2.56824,-2.14487,-0.620419,-2.17973,-1.74217,-0.97051,-1.40752,-0.739292,151.182,0,-5.06553,-2.89709,-2.42185,-0.695321,-2.62245,-1.97126,-1.09731,-1.59182,-0.835761,0,169.662,-5.77939,0,0,0,0,0,0,0,0,0,0,10.1078
22,0.2,0.5,1.3,0.95,1.6,5.57625,7.36023,5.68431,1.09543,9.22135,21.7937,3.08851,25.4644,150.87,169.275,1.20875,0.909091,0.0454545,0,0.0454545,0,0,0,0,0,0,0,0,0.636364,0.136364,0,0.0909091,0.136364,0,0,0,0,0,0,0,1,0,0,0,0,0,0,0,0,0,0,0,1,0,0,0,0,0,0,0,0,0.0909091,0,0,0.863636,0,0,0.0454545,0,0,0,0,0,0,0,0,1,0,0,0,0,0,0,0,0,0,0,0,1,0,0,0,0,0,0,0,0,0,0,0,1,0,0,0,0,0,0,0,0,0,0,0,1,0,0,0,0,0,0,0,0,0,0,0,1,0,0,0,0,0,0,0,0,0,0,0,1,7.9233,0.474712,0.0150435,0.145193,0.0636928,0.171266,0,0.167391,0.27209,0.27209,0.0126123,0.407481,9.11464,0.836828,0.0163835,0.402002,0.748865,0.156699,0.19623,0,0,0.0264953,0.00623385,0.0770199,5.00036,0.0873757,0.0187015,0,0.0218694,0,0,0.0124677,0,0.474807,0.00560035,0.0552561,3.73571,0.0634602,0.0620917,0.120904,0.0112007,0.00560035,0.0168011,0.723607,0.0856584,0.255861,0.0277885,0.027326,10.6358,0.0807958,0.178291,0.195761,0,0.027326,0.0204945,0.131958,0.0653014,0.0220256,0.11229,0.0893967,21.5465,0.0220256,0.0787608,0,0.0259655,0.0346207,0.00693024,0.0395352,0.0128373,0.0305587,0.0770241,0,4.18044,0.0138605,0,0,0.0118142,0.166045,0.2167,0.030936,0.0499016,0.10991,0.103852,0.0729156,25.3228,0,0.0184971,0,-2.05073,-1.70352,-0.497331,-1.74626,-1.39643,-0.777918,-1.12745,-0.591186,149.854,0,-4.05275,-2.3133,-1.92349,-0.557297,-2.10092,-1.58004,-0.87955,-1.27506,-0.668322,0,168.164,-4.62384,0,0,0,0,0,0,0,0,0,0,8.31782
23,0.2,0.5,1.3,0.95,1.6,5.37144,6.62511,5.97237,1.18286,9.55119,21.8898,3.06991,25.2423,149.288,167.502,1.19619,0.909091,0.0454545,0,0.0454545,0,0,0,0,0,0,0,0,0.590909,0.0909091,0,0.227273,0.0909091,0,0,0,0,0,0,0,1,0,0,0,0,0,0,0,0,0,0,0,1,0,0,0,0,0,0,0,0,0,0,0,1,0,0,0,0,0,0,0,0,0,0,0,1,0,0,0,0,0,0,0,0,0,0,0,1,0,0,0,0,0,0,0,0,0,0,0,1,0,0,0,0,0,0,0,0,0,0,0,1,0,0,0,0,0,0,0,0,0,0,0,1,0,0,0,0,0,0,0,0,0,0,0,1,7.24366,0.443659,0.0119906,0.180752,0.0507904,0.136613,0,0.133521,0.217076,0.217076,0.0100554,0.323093,7.94797,0.824207,0.0129587,0.747193,0.756591,0.122891,0.155261,0,0,0.020965,0.00504062,0.0623251,5.27195,0.0706868,0.0151219,0,0.0177012,0,0,0.0100812,0,0.380495,0.00449128,0.0443113,3.23473,0.050874,0.0497778,0.0969209,0.00898255,0.00449128,0.0134738,0.57986,0.0685139,0.204592,0.0222264,0.0218562,10.2567,0.0646245,0.142606,0.15655,0,0.0218562,0.0163922,0.106255,0.0525813,0.0177357,0.0904181,0.0719854,21.538,0.0177357,0.0634193,0,0.0209074,0.0278765,0.00554955,0.0316579,0.0102794,0.024469,0.0616765,0,3.94616,0.0110991,0,0,0.00945975,0.133014,0.173608,0.0247985,0.039974,0.0880448,0.0832091,0.0584106,25.1308,0,0.0148171,0,-1.63742,-1.35552,-0.398705,-1.39952,-1.11727,-0.623913,-0.902334,-0.472957,148.477,0,-3.24255,-1.84707,-1.53056,-0.446725,-1.68376,-1.26418,-0.705428,-1.02048,-0.534669,0,166.613,-3.69948,0,0,0,0,0,0,0,0,0,0,6.88332
24,0.2,0.5,1.3,0.95,1.6,5.16917,5.7926,6.26321,1.26919,10.0976,21.9269,3.01478,24.9969,147.729,165.753,1.18379,0.909091,0.0454545,0,0.0454545,0,0,0,0,0,0,0,0,0.5,0.136364,0,0.272727,0.0909091,0,0,0,0,0,0,0,1,0,0,0,0,0,0,0,0,0,0,0,1,0,0,0,0,0,0,0,0,0,0,0,1,0,0,0,0,0,0,0,0,0,0,0,1,0,0,0,0,0,0,0,0,0,0.0454545,0,0.954545,0,0,0,0,0,0,0,0,0,0,0,1,0,0,0,0,0,0,0,0,0,0,0,1,0,0,0,0,0,0,0,0,0,0,0,1,0,0,0,0,0,0,0,0,0,0,0,1,6.66232,0.415958,0.00955472,0.206238,0.0404922,0.108948,0,0.106481,0.17315,0.17315,0.00801479,0.255252,6.76798,0.866471,0.010202,1.04124,0.737152,0.0955625,0.122289,0,0,0.0165144,0.00406549,0.050297,5.49655,0.0570338,0.0121965,0,0.0142877,0,0,0.00813097,0,0.304954,0.00360246,0.0355405,2.85269,0.0407901,0.039912,0.0777066,0.00720493,0.00360246,0.0108074,0.464725,0.0552568,0.16706,0.0179356,0.0176459,10.1913,0.0521227,0.115018,0.127289,0,0.0176459,0.0132344,0.085448,0.0422843,0.0142628,0.0727123,0.0578898,21.5156,0.0142628,0.051,0,0.0168129,0.0224172,0.00444091,0.0253334,0.00822581,0.0195805,0.0856357,0,3.71805,0.00888183,0,0,0.00756979,0.10644,0.138927,0.0198468,0.0319876,0.0704546,0.0665878,0.046741,24.9075,0,0.0118568,0,-1.30695,-1.07606,-0.319484,-1.12166,-0.898292,-0.500141,-0.722258,-0.37828,147.08,0,-2.59436,-1.47429,-1.21502,-0.357931,-1.34948,-1.01642,-0.56549,-0.816829,-0.427643,0,165.042,-2.95997,0,0,0,0,0,0,0,0,0,0,5.7334
25,0.2,0.5,1.3,0.95,1.6,4.97265,5.18419,6.71857,1.38786,10.1468,22.1188,2.86795,24.7791,146.186,164.022,1.17149,0.909091,0.0454545,0,0.0454545,0,0,0,0,0,0,0,0,0.5,0.272727,0,0,0.227273,0,0,0,0,0,0,0,1,0,0,0,0,0,0,0,0,0,0,0,1,0,0,0,0,0,0,0,0,0.0454545,0,0,0.954545,0,0,0,0,0,0,0,0,0,0,0,1,0,0,0,0,0,0,0.0454545,0,0.0454545,0.0454545,0,0.818182,0.0454545,0,0,0,0,0,0,0,0,0,0,1,0,0,0,0,0,0,0,0,0,0,0,1,0,0,0,0,0,0,0,0,0,0,0,1,0,0,0,0,0,0,0,0,0,0,0,1,6.16344,0.391157,0.00761333,0.223868,0.0322808,0.0868829,0,0.0849141,0.138109,0.138109,0.00638805,0.201191,5.7298,1.06693,0.00800751,0.786355,0.901567,0.0738803,0.0960375,0,0,0.0129708,0.00327944,0.0405958,5.73209,0.0460242,0.00983831,0,0.0115341,0,0,0.00655887,0,0.244413,0.00288957,0.028506,2.56308,0.0327052,0.0320018,0.062302,0.00577914,0.00288957,0.00866871,0.372454,0.0447549,0.257159,0.014539,0.0143151,10.2443,0.0422198,0.0931655,0.104357,0,0.0143151,0.0107363,0.0686464,0.0339697,0.0114584,0.058415,0.0465075,21.4789,0.0114584,0.0409717,0,0.0135067,0.018009,0.00355008,0.0558812,0.00657592,0.0512827,0.103983,0,3.43209,0.0427294,0,0,0.00605168,0.0851371,0.111121,0.0158733,0.0255857,0.0563539,0.0532595,0.0373863,24.6711,0,0.00948382,0,-1.04299,-0.853003,-0.256013,-0.89896,-0.724058,-0.400761,-0.577983,-0.302519,145.667,0,-2.07574,-1.17655,-0.963168,-0.286797,-1.08155,-0.819285,-0.453129,-0.65367,-0.341999,0,163.454,-2.36827,0,0,0,0,0,0,0,0,0,0,4.81111
26,0.2,0.5,1.3,0.95,1.6,4.78288,4.82273,7.25464,1.6334,9.73632,22.3928,2.64376,24.6898,144.654,162.305,1.15929,0.909091,0.0454545,0,0.0454545,0,0,0,0,0,0,0,0,0.5,0.318182,0,0,0.181818,0,0,0,0,0,0,0,1,0,0,0,0,0,0,0,0,0,0,0,1,0,0,0,0,0,0,0,0,0.0909091,0,0.0454545,0.772727,0.0454545,0,0.0454545,0,0,0,0,0,0,0,0,1,0,0,0,0,0,0,0.0454545,0,0.0454545,0.136364,0,0.727273,0.0454545,0,0,0,0,0,0,0,0,0,0,1,0,0,0,0,0,0,0,0,0,0,0,1,0,0,0,0,0,0,0,0,0,0,0,1,0,0,0,0,0,0,0,0,0,0,0,1,5.73257,0.368856,0.00606667,0.235409,0.0257357,0.069289,0,0.0677181,0.110164,0.110164,0.0050917,0.159203,4.91855,1.24504,0.00631644,0.601981,0.935396,0.0576109,0.0757876,0,0,0.0102367,0.00265591,0.0329052,6.07488,0.0372945,0.00796773,0,0.00935156,0,0,0.00531182,0,0.196016,0.00231988,0.0228844,2.3672,0.0262433,0.0256796,0.0499895,0.00463975,0.00231988,0.00695963,0.298692,0.0359036,0.446998,0.0116658,0.131404,9.74277,0.153787,0.0747412,0.20386,0,0.011488,0.00861603,0.0552983,0.0273639,0.00923049,0.0470564,0.0374649,21.5488,0.00923049,0.0330045,0,0.0108801,0.0145067,0.00283046,0.0779782,0.00524364,0.0743132,0.18374,0,3.09468,0.0674909,0,0,0.00482636,0.0681255,0.0889185,0.012703,0.0204732,0.0450935,0.042619,0.0299159,24.4505,0,0.00758878,0,-0.832659,-0.677918,-0.205327,-0.720932,-0.580287,-0.32148,-0.461761,-0.241945,144.24,0,-1.66087,-0.93929,-0.765477,-0.229985,-0.867371,-0.656612,-0.363493,-0.522235,-0.273524,0,161.85,-1.89496,0,0,0,0,0,0,0,0,0,0,4.07092
27,0.2,0.5,1.3,0.95,1.6,4.71463,4.80572,8.05675,1.94464,8.89287,22.4536,2.36135,24.6386,143.12,160.584,1.14704,0.909091,0.0454545,0,0.0454545,0,0,0,0,0,0,0,0,0.5,0.5,0,0,0,0,0,0,0,0,0,0,1,0,0,0,0,0,0,0,0,0,0,0,1,0,0,0,0,0,0,0,0.0454545,0.181818,0,0.0454545,0.636364,0.0454545,0,0.0454545,0,0,0,0,0,0,0,0,1,0,0,0,0,0,0,0.0909091,0.0454545,0.0909091,0.0909091,0,0.636364,0.0454545,0,0,0,0,0,0,0,0,0,0,1,0,0,0,0,0,0,0,0,0,0,0,1,0,0,0,0,0,0,0,0,0,0,0,1,0,0,0,0,0,0,0,0,0,0,0,1,5.357,0.348677,0.00483439,0.242223,0.0205183,0.0552597,0,0.0540062,0.0878752,0.0878752,0.00405857,0.12656,4.30857,1.59533,0.00501209,0.469158,0.728122,0.0454039,0.0601521,0,0,0.00812525,0.00215506,0.0267259,6.48335,0.0302809,0.00646518,0,0.00759777,0,0,0.00431012,0,0.157589,0.00186903,0.0184346,2.30858,0.021121,0.0206684,0.0402278,0.00373805,0.00186903,0.00560708,0.240117,0.143608,0.812209,0.0092701,0.218599,8.8483,0.236399,0.0594153,0.2758,0,0.00912535,0.00684401,0.0446062,0.0220726,0.00744585,0.0379579,0.0302215,21.687,0.00744585,0.0266227,0,0.00877605,0.0117014,0.00225143,0.123087,0.0354163,0.120174,0.205119,0,2.72058,0.0834993,0,0,0.00384088,0.0546237,0.0713069,0.0101968,0.0164151,0.0361557,0.0341837,0.0239868,24.3055,0,0.00608446,0,-0.665174,-0.54039,-0.164772,-0.579351,-0.462559,-0.258057,-0.368415,-0.193599,142.788,0,-1.32918,-0.750364,-0.610192,-0.184532,-0.697036,-0.523406,-0.291786,-0.41667,-0.21887,0,160.22,-1.51652,0,0,0,0,0,0,0,0,0,0,3.47628
28,0.2,0.5,1.3,0.95,1.6,4.67784,4.80912,8.51997,2.25659,8.46487,22.4599,2.06484,24.5806,141.582,158.859,1.13475,0.909091,0.0454545,0,0.0454545,0,0,0,0,0,0,0,0,0.5,0.0454545,0,0.454545,0,0,0,0,0,0,0,0,1,0,0,0,0,0,0,0,0,0,0,0,1,0,0,0,0,0,0,0,0.0454545,0.181818,0.0454545,0.0454545,0.590909,0.0454545,0,0.0454545,0,0,0,0,0,0,0,0,1,0,0,0,0,0,0,0.0909091,0.0454545,0.0909091,0.0909091,0.0454545,0.590909,0.0454545,0,0,0,0,0,0,0,0,0,0,1,0,0,0,0,0,0,0,0,0,0,0,1,0,0,0,0,0,0,0,0,0,0,0,1,0,0,0,0,0,0,0,0,0,0,0,1,5.08991,0.334098,0.00386471,0.24898,0.0164042,0.0441824,0,0.0431801,0.0702623,0.0702623,0.00324467,0.101299,3.90974,1.33613,0.00401229,0.944067,0.583786,0.0363668,0.0481522,0,0,0.00650429,0.00175957,0.0218512,7.07083,0.0247464,0.00527872,0,0.00621469,0,0,0.00351915,0,0.126861,0.00150859,0.0148771,2.34767,0.0170255,0.0166618,0.0324226,0.00301717,0.00150859,0.00452576,0.193278,0.21602,1.04486,0.112394,0.273312,7.80426,0.287349,0.0468091,0.317611,0,0.00717564,0.00538173,0.0358456,0.0177374,0.00598354,0.030503,0.0242863,21.7199,0.00598354,0.0213938,0,0.0070523,0.00940307,0.0017875,0.149929,0.0549785,0.147618,0.212835,0.0279069,2.35004,0.0916369,0,0,0.0030514,0.0438221,0.0572175,0.00819185,0.0131685,0.0290055,0.0274353,0.0192435,24.1922,0,0.00488099,0,-0.532352,-0.432674,-0.132425,-0.466084,-0.366736,-0.206836,-0.293604,-0.154939,141.317,0,-1.06383,-0.600537,-0.488569,-0.148272,-0.560767,-0.414984,-0.233874,-0.332065,-0.175166,0,158.568,-1.21378,0,0,0,0,0,0,0,0,0,0,2.99807
29,0.2,0.5,1.3,0.95,1.6,4.64872,4.89667,8.73254,2.5558,8.21914,22.437,1.79445,24.5133,140.051,157.142,1.1225,0.909091,0.0454545,0,0.0454545,0,0,0,0,0,0,0,0,0.5,0.0454545,0,0.454545,0,0,0,0,0,0,0,0,1,0,0,0,0,0,0,0,0,0,0,0,1,0,0,0,0,0,0,0,0.0454545,0.227273,0,0.0454545,0.590909,0.0454545,0,0.0454545,0,0,0,0,0,0,0,0,1,0,0,0,0,0,0,0.0909091,0.0454545,0.0909091,0.0909091,0.0454545,0.590909,0.0454545,0,0,0,0,0,0,0,0,0,0,1,0,0,0,0,0,0,0,0,0,0,0,1,0,0,0,0,0,0,0,0,0,0,0,1,0,0,0,0,0,0,0,0,0,0,0,1,4.8814,0.322649,0.0030921,0.254549,0.0131246,0.035349,0,0.0345471,0.0562144,0.0562144,0.002596,0.0811138,3.59562,1.13042,0.00321365,1.3269,0.468905,0.0291571,0.0385662,0,0,0.00520939,0.00142532,0.0177149,7.49195,0.0200564,0.00427596,0,0.00503959,0,0,0.00285064,0,0.102133,0.00121776,0.0120072,2.43915,0.0137253,0.013433,0.0261341,0.00243553,0.00121776,0.00365329,0.155588,0.269701,1.31994,0.0881963,0.314527,7.07602,0.32568,0.0371772,0.349419,0,0.00569397,0.00427048,0.0287782,0.0142402,0.00480385,0.024489,0.0194982,21.7246,0.00480385,0.0171757,0,0.00566178,0.00754904,0.00141829,0.162375,0.0659855,0.160543,0.210365,0.0454116,2.02072,0.0937595,0,0,0.00242282,0.0351519,0.0459056,0.00657979,0.0105627,0.0232663,0.0220159,0.0154361,24.0869,0,0.00391507,0,-0.426271,-0.346482,-0.10627,-0.374929,-0.29217,-0.165748,-0.234049,-0.124028,139.839,0,-0.851476,-0.480873,-0.391247,-0.118971,-0.451098,-0.330613,-0.187417,-0.264712,-0.140222,0,156.909,-0.9715,0,0,0,0,0,0,0,0,0,0,2.6131
30,0.2,0.5,1.3,0.95,1.6,4.62123,5.00789,8.87804,2.75179,8.07098,22.4301,1.55983,24.4689,138.536,155.442,1.11035,0.909091,0.0454545,0,0.0454545,0,0,0,0,0,0,0,0,0.5,0.0454545,0,0.454545,0,0,0,0,0,0,0,0,1,0,0,0,0,0,0,0,0,0,0.0454545,0.0454545,0.818182,0,0.0454545,0,0.0454545,0,0,0,0.0454545,0.227273,0,0.0454545,0.590909,0.0454545,0,0.0454545,0,0,0,0,0,0,0,0,1,0,0,0,0,0,0,0.0909091,0.0454545,0.0909091,0.0909091,0.0454545,0.590909,0.0454545,0,0,0,0,0,0,0,0,0,0,1,0,0,0,0,0,0,0,0,0,0,0,1,0,0,0,0,0,0,0,0,0,0,0,1,0,0,0,0,0,0,0,0,0,0,0,1,4.71236,0.313316,0.00247447,0.258823,0.0105026,0.0282863,0,0.0276447,0.0449822,0.0449822,0.00207741,0.0650641,3.37208,0.973708,0.00257978,1.65405,0.37948,0.0234734,0.030956,0,0,0.00418135,0.00114792,0.0142734,7.76867,0.0161577,0.00344376,0,0.00406112,0,0,0.00229584,0,0.08221,0.0311877,0.0398932,2.47658,0.0110623,0.0410324,0.0210607,0.0321704,0.000982736,0.00294821,0.125226,0.310827,1.53113,0.0698767,0.346288,6.52919,0.355181,0.0296349,0.373986,0,0.00453676,0.00340257,0.0230931,0.0114269,0.00385488,0.0196512,0.0156464,21.7123,0.00385488,0.0137826,0,0.00454324,0.00605765,0.00112598,0.165204,0.0710209,0.16375,0.201874,0.0553611,1.73937,0.0920943,0,0,0.00192475,0.0281933,0.0368247,0.00528386,0.00847142,0.0186601,0.0176642,0.0123804,23.986,0,0.00313987,0,-0.341421,-0.277731,-0.0851852,-0.301524,-0.233269,-0.132809,-0.186673,-0.0992997,138.366,0,-0.681512,-0.385158,-0.313617,-0.0953596,-0.362783,-0.263966,-0.150175,-0.211132,-0.112267,0,155.256,-0.777582,0,0,0,0,0,0,0,0,0,0,2.30278
